preamble,stimulus,is_correct,subject
"What size of cannula would you use in a patient who needed a rapid blood transfusion (as of 2020 medical knowledge)? (A) 20 gauge. (B) 22 gauge. (C) 18 gauge. (D) 24 gauge.. Of the answer choices above, the best answer choice is (","['A', 'B', 'C', 'D']",C,clinical_knowledge
"The key attribute in successful marathon running is: (A) strength. (B) power. (C) stamina. (D) stride length.. Of the answer choices above, the best answer choice is (","['A', 'B', 'C', 'D']",C,clinical_knowledge
"Which of the following is the commonest cause of dementia in the UK? (A) Alzheimer's disease. (B) Cerebrovascular (stroke) disease. (C) Lewy body dementia. (D) HIV infection.. Of the answer choices above, the best answer choice is (","['A', 'B', 'C', 'D']",A,clinical_knowledge
"Which of the following is NOT a symptom of anaphylaxis? (A) Stridor. (B) Severe wheeze. (C) Bradycardia. (D) Rash.. Of the answer choices above, the best answer choice is (","['A', 'B', 'C', 'D']",C,clinical_knowledge
"In what situation are closed pouches applied? (A) The patient has a semi-formed or liquid output. (B) In the immediate post-operative period. (C) The patient has a urostomy. (D) The patient has a colostomy.. Of the answer choices above, the best answer choice is (","['A', 'B', 'C', 'D']",D,clinical_knowledge
"With an increasing number of sprints the: (A) relative contribution of aerobic metabolism increases. (B) anaerobic contribution progressively increases. (C) pH of the muscle falls below 6.0. (D) blood glucose concentration falls below 3 mmol/L.. Of the answer choices above, the best answer choice is (","['A', 'B', 'C', 'D']",A,clinical_knowledge
"Which of the following is true in diplopia? (A) Diplopia can never occur if one eye is covered (B) A fourth nerve palsy occurs when the patient looks upwards (C) A sixth nerve palsy causes a divergent squint (D) The outer image is always the false image. Of the answer choices above, the best answer choice is (","['A', 'B', 'C', 'D']",D,clinical_knowledge
"Sodium bicarbonate ingestion improves middle distance running performance by: (A) reducing the pH and buffering capacity of the extracellular fluid allowing a faster efflux of hydrogen ions from muscle. (B) elevating the pH and buffering capacity of the extracellular fluid allowing a faster influx of hydrogen ions into muscle. (C) elevating the pre-exercise muscle pH. (D) elevating the pH and buffering capacity of the extracellular fluid allowing a faster efflux of hydrogen ions from muscle.. Of the answer choices above, the best answer choice is (","['A', 'B', 'C', 'D']",D,clinical_knowledge
"Codons are composed of: (A) quadruplet sequences of nucleotide bases in mRNA or DNA. (B) triplet sequences of amino acids in polypeptide chains. (C) triplet sequences of deoxyribose sugars in DNA. (D) triplet sequences of nucleotide bases in mRNA or DNA .. Of the answer choices above, the best answer choice is (","['A', 'B', 'C', 'D']",D,clinical_knowledge
"Fatty acids are transported into the mitochondria bound to: (A) thiokinase. (B) coenzyme A (CoA). (C) carnitine. (D) acetyl-CoA.. Of the answer choices above, the best answer choice is (","['A', 'B', 'C', 'D']",C,clinical_knowledge
"Which of the answers below best indicates the compatible blood types that can be given to a person with a blood group B (rhesus negative)? (A) Blood type B (rhesus negative) and blood type O (rhesus negative). (B) Blood type AB (rhesus negative), blood type B, and blood type O (rhesus negative). (C) Blood type B (rhesus positive) and blood type O (rhesus positive). (D) Blood type B (rhesus negative) only.. Of the answer choices above, the best answer choice is (","['A', 'B', 'C', 'D']",A,clinical_knowledge
"Which of the following is true of a lower motor neurone lesion in the arm? (A) It leads to increased tone in the arm (hypertonia) (B) Fasciculations are never seen (C) The reflexes are brisk (D) An ulna nerve palsy is an example of a lower motor neurone lesion. Of the answer choices above, the best answer choice is (","['A', 'B', 'C', 'D']",D,clinical_knowledge
"Which of the following statements is false? (A) Ammonia is produced in repeated high intensity exercise. (B) Muscle phosphocreatine depletion begins in the first few seconds of high intensity exercise. (C) With an increasing number of repeated sprints the rate of accumulation of lactate in muscle declines. (D) Muscle lactate accumulation does not begin until at least 5 seconds of intermittent muscle contractions have taken place.. Of the answer choices above, the best answer choice is (","['A', 'B', 'C', 'D']",D,clinical_knowledge
"Glycogen breakdown in muscle initially results in the formation of: (A) glucose. (B) glucose-6-phosphate. (C) glucose-1,6-diphosphate. (D) glucose-1-phosphate.. Of the answer choices above, the best answer choice is (","['A', 'B', 'C', 'D']",D,clinical_knowledge
"The two principal contractile proteins found in skeletal muscle are: (A) actin and troponin. (B) troponin and tropomyosin. (C) actin and myosin. (D) myosin and tropomyosin.. Of the answer choices above, the best answer choice is (","['A', 'B', 'C', 'D']",C,clinical_knowledge
"Which one of the following represents a IIIrd cranial nerve palsy and is a neurosurgical emergency? (A) Unilateral fixed dilated pupil. (B) Unilateral constricted pupil. (C) Bilateral constricted pupils. (D) Oval shaped pupils.. Of the answer choices above, the best answer choice is (","['A', 'B', 'C', 'D']",A,clinical_knowledge
"Which of the following is true about a thyroid swelling? (A) It always elevates on swallowing (B) Lymph node enlargement is a good prognostic sign (C) A functioning nodule on isotope scanning is unlikely to be due to cancer (D) An ultrasound of the swelling is the best test to determine whether the nodule is actively secreting hormone. Of the answer choices above, the best answer choice is (","['A', 'B', 'C', 'D']",C,clinical_knowledge
"Which of the following is true of hepatomegaly? (A) Emphysema is a cause (B) The liver enlarges downwards from the left hypochondrium (C) The liver is usually resonant to percussion (D) The presence of jaundice, spider naevi and purpura suggest alcohol as a cause. Of the answer choices above, the best answer choice is (","['A', 'B', 'C', 'D']",D,clinical_knowledge
"Which of the following is true regarding reflexes? (A) A positive babinski reflex is the same as a normal flexor response in the assessment of the plantar reflex (B) An extensor plantar response indicates a lower motor neurone lesion (C) The root value of the ankle reflex is S1 (D) The root value of the knee reflex is L1, L2. Of the answer choices above, the best answer choice is (","['A', 'B', 'C', 'D']",C,clinical_knowledge
"Which of the following is true of facial nerve palsy? (A) An inability to close the eyelid on the paralysed side indicates a lower motor neurone lesion (B) Bells palsy is another term for an upper motor neurone lesion (C) Ramsay Hunt Syndrome is an upper motor neurone lesion secondary to a Herpes Zoster infection (D) In Bell's Palsy the sense of taste is never affected. Of the answer choices above, the best answer choice is (","['A', 'B', 'C', 'D']",A,clinical_knowledge
"What is a colles fracture? (A) Hand fracture. (B) Elbow fracture. (C) Fracture of the radius and ulna at the wrist. (D) Finger fracture.. Of the answer choices above, the best answer choice is (","['A', 'B', 'C', 'D']",C,clinical_knowledge
"If a transfusion reaction is suspected, you should: (A) leave the transfusion running and contact the medical staff immediately. (B) disconnect and dispose of the blood bag immediately. (C) leave the transfusion running and record a set of observations on the patient. (D) turn off the transfusion, inform medical staff immediately, and follow transfusion policy advice on dealing with acute transfusion reactions.. Of the answer choices above, the best answer choice is (","['A', 'B', 'C', 'D']",D,clinical_knowledge
"Once a prescribed unit of blood product has been obtained from the blood bank and is out of refrigeration, the transfusion should commence within what period of time before it starts to deteriorate (as of 2020 medical knowledge)? (A) 90 minutes. (B) 4 hours. (C) 30 minutes. (D) 12 hours.. Of the answer choices above, the best answer choice is (","['A', 'B', 'C', 'D']",C,clinical_knowledge
"Which of the following statements is true about informal carers (as of 2020)? (A) One in six over 65s is providing some form of informal care. (B) 50% of over 65s are providing informal care. (C) Informal carers should not be included in discharge planning. (D) The majority of informal carers are fit and active.. Of the answer choices above, the best answer choice is (","['A', 'B', 'C', 'D']",A,clinical_knowledge
"Which of the following processes is not used to modify protein structure after translation has occurred? (A) Lipidation. (B) Glycosylation. (C) Attachment of more amino acids via peptide bonds. (D) Phosphorylation.. Of the answer choices above, the best answer choice is (","['A', 'B', 'C', 'D']",C,clinical_knowledge
"Why would you need to carry out a bladder washout for a patient at home? (A) When the catheter is blocked. (B) When their urine is clear. (C) When the catheter is bypassing. (D) When the catheter is dirty.. Of the answer choices above, the best answer choice is (","['A', 'B', 'C', 'D']",A,clinical_knowledge
"A 14-16 gauge needle is most likely to be used for: (A) children. (B) elderly patients. (C) inserting in the back of the hand. (D) trauma or burns patients.. Of the answer choices above, the best answer choice is (","['A', 'B', 'C', 'D']",D,clinical_knowledge
"Which of these features suggest that a crackling sound is more likely due to a pleural friction rub than crackles? (A) Alters with coughing (B) No pain over the area (C) Clubbing (D) More prominent in expiration. Of the answer choices above, the best answer choice is (","['A', 'B', 'C', 'D']",D,clinical_knowledge
"In games like soccer the blood lactate concentration: (A) rarely increases above 3 mM. (B) is usually higher at the end of the game than at the end of the first half. (C) is usually lower at the end of the game than at the end of the first half. (D) increases throughout the course of the game as the players become more fatigued.. Of the answer choices above, the best answer choice is (","['A', 'B', 'C', 'D']",C,clinical_knowledge
"Lactate and hydrogen ions leave the muscle: (A) via a cotransport mechanism with carnosine. (B) via an active transport mechanism. (C) by simple diffusion. (D) via a protein transporter molecule.. Of the answer choices above, the best answer choice is (","['A', 'B', 'C', 'D']",D,clinical_knowledge
"Which of the following is true of the spine? (A) Back pain is an uncommon complaint (B) Ankylosing spondylitis is a cause of hypermobility of the spine (C) Schober's test is designed to quantify the flexion of the lumbar spine (D) Pregnancy is a cause of loss of lordosis of the lumbar spine. Of the answer choices above, the best answer choice is (","['A', 'B', 'C', 'D']",C,clinical_knowledge
"Which of the following is true of psoriatic arthropathy? (A) The absence of plaques of psoriasis excludes the diagnosis (B) The diagnosis can be confirmed by a blood marker (C) Nail pitting may give a clue to the diagnosis (D) Tophi can sometimes be seen over affected joints. Of the answer choices above, the best answer choice is (","['A', 'B', 'C', 'D']",C,clinical_knowledge
"Which of the following is true of Graves Disease of the thyroid? (A) It causes a large multi-nodular goitre (B) It is commoner in males than females (C) It is a cause of ophthalmoplegia (D) In the past, Grave's disease sometimes caused 'Derbyshire Neck'. Of the answer choices above, the best answer choice is (","['A', 'B', 'C', 'D']",C,clinical_knowledge
"Which of the following is true of calcium metabolism? (A) Primary hyperparathyroidism is usually asymptomatic (B) Calcitonin causes a rise in plasma calcium (C) Vitamin D is secreted by the parathyroid glands (D) Oliguria is a symptom of hypercalcaemia. Of the answer choices above, the best answer choice is (","['A', 'B', 'C', 'D']",A,clinical_knowledge
"Kinase reactions: (A) involve the addition or removal of a phosphate group. (B) inhibit ATP breakdown. (C) involve the addition or removal of a ketone group. (D) involve the addition or removal of an amino acid to a polypeptide chain.. Of the answer choices above, the best answer choice is (","['A', 'B', 'C', 'D']",A,clinical_knowledge
"The normal respiratory rate for an adult male is: (A) 14-16 breaths per minute. (B) 10-12 breaths per minute. (C) 8-10 breaths per minute. (D) 20-22 breaths per minute.. Of the answer choices above, the best answer choice is (","['A', 'B', 'C', 'D']",A,clinical_knowledge
"Collagen fibres: (A) are re-established in the first five days of wound healing. (B) provide a bridge across the surface of a wound. (C) take some time to re-establish. (D) are not needed if a wound is healing by primary intention.. Of the answer choices above, the best answer choice is (","['A', 'B', 'C', 'D']",C,clinical_knowledge
"Which of the following releases most energy when completely oxidised in the body? (A) One gram of glucose (B) One gram of leucine (C) One gram of palmitic acid (D) One gram of alcohol. Of the answer choices above, the best answer choice is (","['A', 'B', 'C', 'D']",C,clinical_knowledge
"Embedded in the inner membrane of the mitochondrion are: (A) the enzymes of the tricarboxylic acid cycle (Krebs' cycle). (B) glycogen molecules. (C) the components of the electron transport chain. (D) triacylglycerol molecules.. Of the answer choices above, the best answer choice is (","['A', 'B', 'C', 'D']",C,clinical_knowledge
"If the mean rate of oxygen consumption of a male athlete during a training session is 2 l/min, then his rate of energy expenditure is approximately: (A) 40 kJ/min. (B) 400 kJ/min. (C) 200 kJ/min. (D) 80 kJ/min.. Of the answer choices above, the best answer choice is (","['A', 'B', 'C', 'D']",A,clinical_knowledge
"A normal heart rate for an adult at rest is: (A) 60-80 bpm. (B) 60-90 bpm. (C) 60-110 bpm. (D) 60-100 bpm.. Of the answer choices above, the best answer choice is (","['A', 'B', 'C', 'D']",D,clinical_knowledge
"Which of the following statements is false? (A) Oxygen is consumed in the TCA cycle. (B) Phosphofructokinase is the rate limiting enzyme in glycolysis. (C) Phosphorylase activity is higher in Type II fibres than in Type I fibres. (D) Endurance training increases the amount of TCA cycle enzymes in muscle.. Of the answer choices above, the best answer choice is (","['A', 'B', 'C', 'D']",A,clinical_knowledge
"Which of the following is true in ulna nerve palsy? (A) The ulna nerve can be affected by a fracture of the spiral groove of the humerus (B) It gives rise to a positive phalen's sign (C) It supplies the biceps muscles (D) It leads to loss of sensation over the medial half of the hand and medial one and a half digits on both palmar and dorsal aspects of the hand. Of the answer choices above, the best answer choice is (","['A', 'B', 'C', 'D']",D,clinical_knowledge
"How much toothpaste is recommended for cleaning teeth? (A) A pea-sized amount. (B) A smear. (C) The length of the toothbrush. (D) Half an inch.. Of the answer choices above, the best answer choice is (","['A', 'B', 'C', 'D']",A,clinical_knowledge
"Which of the following is true about Cushing's Syndrome? (A) It is due to a deficiency of cortisol hormone (B) Enlarged extremities are commonly seen (C) Osteoporosis is not a feature (D) A moon face and a buffalo hump are characteristic of the disease. Of the answer choices above, the best answer choice is (","['A', 'B', 'C', 'D']",D,clinical_knowledge
"The main factors determining success in sport are: (A) innate ability and the capacity to respond to the training stimulus. (B) a high energy diet and large appetite. (C) high intelligence and motivation to succeed. (D) a good coach and the motivation to succeed.. Of the answer choices above, the best answer choice is (","['A', 'B', 'C', 'D']",A,clinical_knowledge
"In a double stranded molecule of DNA, the ratio of purines : pyrimidines is: (A) always 1:1. (B) variable. (C) determined by the base sequence in RNA. (D) genetically determined.. Of the answer choices above, the best answer choice is (","['A', 'B', 'C', 'D']",A,clinical_knowledge
"Performance enhancing synthetic steroids are based on the structure of the hormone: (A) cortisol. (B) progesterone. (C) testosterone. (D) aldosterone.. Of the answer choices above, the best answer choice is (","['A', 'B', 'C', 'D']",C,clinical_knowledge
"Glycogen breakdown in exercising muscle is activated by: (A) insulin. (B) cortisol. (C) increased pH. (D) none of the above.. Of the answer choices above, the best answer choice is (","['A', 'B', 'C', 'D']",D,clinical_knowledge
"Most of the free fatty acids are transported in the blood: (A) inside the red blood cells. (B) as lipoproteins. (C) bound to albumin. (D) combined with glucose.. Of the answer choices above, the best answer choice is (","['A', 'B', 'C', 'D']",C,clinical_knowledge
"How often should a cannula be flushed? (A) Every 4 hours. (B) Every 8 hours. (C) Every 12 hours. (D) Every 16 hours.. Of the answer choices above, the best answer choice is (","['A', 'B', 'C', 'D']",C,clinical_knowledge
"The activity of creatine kinase is: (A) increased when muscle pH falls below 6.9. (B) always lower in Type II fibres than Type I fibres. (C) increased after a period of endurance training. (D) increased when intracellular ADP rises.. Of the answer choices above, the best answer choice is (","['A', 'B', 'C', 'D']",D,clinical_knowledge
"The smallest increments on a mercury and aneroid sphygmomanometer measure are: (A) 2 mmHg. (B) 10 mmHg. (C) 4 mmHg. (D) 1 mmHg.. Of the answer choices above, the best answer choice is (","['A', 'B', 'C', 'D']",A,clinical_knowledge
"Which of the following is not an abnormal breathing pattern seen in head injury and altered conscious level? (A) Anaerobic respiration. (B) Cheyne-Stokes respiration. (C) Hyperventilation. (D) Ataxic breathing.. Of the answer choices above, the best answer choice is (","['A', 'B', 'C', 'D']",A,clinical_knowledge
"During CPR chest compressions and ventilations should be delivered in a ratio of: (A) 2:25 (B) 15:02 (C) 30:02:00 (D) 1:05. Of the answer choices above, the best answer choice is (","['A', 'B', 'C', 'D']",C,clinical_knowledge
"A person weighs 62 kg. Their drug dose is 15 mg/kg. How many grams is their dose? Choose one answer from the following: (A) 0.93 (B) 930 (C) 93 (D) 9.3. Of the answer choices above, the best answer choice is (","['A', 'B', 'C', 'D']",A,clinical_knowledge
"An expected side effect of creatine supplementation is: (A) muscle weakness. (B) muscle cramps. (C) loss of electrolytes. (D) gain in body mass.. Of the answer choices above, the best answer choice is (","['A', 'B', 'C', 'D']",D,clinical_knowledge
"The cardiac cycle consists of the phases: (A) systole, diastole, and rest. (B) contraction, relaxation, and rest. (C) diastole, systole, and contraction. (D) diastole and systole.. Of the answer choices above, the best answer choice is (","['A', 'B', 'C', 'D']",D,clinical_knowledge
"Which of the following factors does not influence success in sport? (A) Ability to tolerate heavy training without succumbing to illness or injury. (B) Tactics. (C) Ingestion of carnitine during exercise. (D) The diet.. Of the answer choices above, the best answer choice is (","['A', 'B', 'C', 'D']",C,clinical_knowledge
"The chain of survival has four links. Put the following list in the correct order: 1. Early defibrillation; 2. Early CPR; 3. Recognition and call for help early; 4. Post-resuscitation care. (A) 3, 2, 1, 4. (B) 3, 1, 2, 4. (C) 1, 2, 3, 4. (D) 2, 1, 3, 4.. Of the answer choices above, the best answer choice is (","['A', 'B', 'C', 'D']",A,clinical_knowledge
"A fundamental cause of fatigue in high intensity exercise is: (A) failure of the ATP supply to match the demand. (B) a fall in the cell concentration of ADP. (C) inhibition of ATP production. (D) lack of skill.. Of the answer choices above, the best answer choice is (","['A', 'B', 'C', 'D']",A,clinical_knowledge
"Which of the following is true about possible rectal findings? (A) The finding of a palpable median groove in the prostate is an adverse finding (B) A thrombosed haemorrhoid is painless (C) Impacted faeces can sometimes be mistaken for a rectal tumour (D) Peri-anal warts can only be demonstrated on proctoscopy. Of the answer choices above, the best answer choice is (","['A', 'B', 'C', 'D']",C,clinical_knowledge
"What commonly causes skin excoriation? (A) Leakage of effluent onto peristomal skin. (B) A well-fitting pouch. (C) Changing the pouch every day. (D) The use of unscented soap to cleanse the skin.. Of the answer choices above, the best answer choice is (","['A', 'B', 'C', 'D']",A,clinical_knowledge
"Which of the following is true of Systemic Sclerosis? (A) It affects males more than females (B) If telangiectasia are seen this clinches the diagnosis (C) Arachnodactyly is a feature of the disease (D) Patients have a beaked shaped nose and waxy skin. Of the answer choices above, the best answer choice is (","['A', 'B', 'C', 'D']",D,clinical_knowledge
"A palpable left parasternal impulse suggests which abnormality? (A) Aortic stenosis (B) Aortic regurgitation (C) Right ventricular hypertrophy (D) Left ventricular hypertrophy. Of the answer choices above, the best answer choice is (","['A', 'B', 'C', 'D']",C,clinical_knowledge
"In hypovolaemic shock, what percentage of blood can be lost before it is reflected in changes in heart rate and blood pressure? (A) 5% (B) 10% (C) 20% (D) 30%. Of the answer choices above, the best answer choice is (","['A', 'B', 'C', 'D']",D,clinical_knowledge
"Which of the following best describes the effects of morphine? (A) Reduces pain intensity and increases alertness. (B) Reduces pain intensity but also causes diarrhoea. (C) Reduces pain intensity but also causes insomnia. (D) Reduces pain intensity but also causes sedation.. Of the answer choices above, the best answer choice is (","['A', 'B', 'C', 'D']",D,clinical_knowledge
"Which of the following is true of headache? (A) Tension headaches is a common cause of headache (B) When associated with neck stiffness is always due to meningitis (C) Severe pain usually indicates a life threatening cause (D) Temporal arteritis is strongly associated with rheumatoid arthritis. Of the answer choices above, the best answer choice is (","['A', 'B', 'C', 'D']",A,clinical_knowledge
"Between contractions of the left ventricle the blood continues to flow through the vessels because: (A) the atria are contracting. (B) the vessels are contracted. (C) the right ventricle is relaxed. (D) the arteries have elastic recoil.. Of the answer choices above, the best answer choice is (","['A', 'B', 'C', 'D']",D,clinical_knowledge
"What might make the nurse think a patient could not use an inhaler? (A) Severe leg ulcers. (B) Previous recovery from an acute exacerbation of asthma. (C) Forthcoming surgery. (D) Poor technique, physical impairment, or lack of understanding.. Of the answer choices above, the best answer choice is (","['A', 'B', 'C', 'D']",D,clinical_knowledge
"Removal of adhesive strips: (A) can be carried out by the patient. (B) should be undertaken under aseptic conditions. (C) is a specialist skill. (D) should not be undertaken until at least seven days after application.. Of the answer choices above, the best answer choice is (","['A', 'B', 'C', 'D']",A,clinical_knowledge
"During CPR, chest compressions should be delivered at a rate of: (A) 80/minute. (B) as fast as possible. (C) 100/minute. (D) varies with each patient.. Of the answer choices above, the best answer choice is (","['A', 'B', 'C', 'D']",C,clinical_knowledge
"Which of the following physiological characteristics is not important for success in endurance events such as the marathon race? (A) The ability to regulate body temperature. (B) The ability to supply oxygen to the exercising muscles. (C) The availability of body stores of carbohydrate. (D) Muscle ATP and phosphocreatine content.. Of the answer choices above, the best answer choice is (","['A', 'B', 'C', 'D']",D,clinical_knowledge
"When using an inhaler, when should a patient be asked to rinse their mouth? (A) Before using their bronchodilator inhaler. (B) After using their bronchodilator inhaler. (C) After using their steroid inhaler. (D) Before using their steroid inhaler.. Of the answer choices above, the best answer choice is (","['A', 'B', 'C', 'D']",C,clinical_knowledge
"Muscle lactate production increases when: (A) oxygen is readily available. (B) pyruvate cannot be formed from glucose breakdown. (C) the pH of the muscle falls. (D) glycolysis is activated at the onset of exercise.. Of the answer choices above, the best answer choice is (","['A', 'B', 'C', 'D']",D,clinical_knowledge
"What is the minimum time a stretch should be held for? (A) 0-10 seconds. (B) 30-50 seconds. (C) 10-30 seconds. (D) 60 seconds.. Of the answer choices above, the best answer choice is (","['A', 'B', 'C', 'D']",C,clinical_knowledge
"What three factors regulate stroke volume? (A) Blood volume, preload, and afterload. (B) Contractility, blood volume, and blood pressure. (C) Preload, contractility, and afterload. (D) Cardiac output, contractility, and blood volume.. Of the answer choices above, the best answer choice is (","['A', 'B', 'C', 'D']",C,clinical_knowledge
"Name the bones of the middle finger in the correct order from the hand. (A) Distal phalynx, middle phalynx, proximal phalynx. (B) Middle phalynx, distal phalynx, proximal phalynx. (C) Proximal phalynx, middle phalynx, distal phalynx. (D) Distal phalynx, proximal phalynx, middle phalynx.. Of the answer choices above, the best answer choice is (","['A', 'B', 'C', 'D']",C,clinical_knowledge
"Which of the following promotes glucose and amino acid uptake by muscle? (A) Adrenaline (B) Glycogen (C) Cortisol (D) Insulin. Of the answer choices above, the best answer choice is (","['A', 'B', 'C', 'D']",D,clinical_knowledge
"An ileostomy opening should be: (A) flush with the skin. (B) below skin level. (C) 3-5cm in length. (D) over 5cm in length.. Of the answer choices above, the best answer choice is (","['A', 'B', 'C', 'D']",C,clinical_knowledge
"Which of the following would not be done before catheterizing? (A) Gain patient consent. (B) Patient to be washed. (C) Ring patient's next of kin. (D) Expiry dates to be checked.. Of the answer choices above, the best answer choice is (","['A', 'B', 'C', 'D']",C,clinical_knowledge
"Hydrogen ions are formed when: (A) glycolysis is being used as a major means of resynthesising ATP. (B) glycogen becomes depleted. (C) phosphocreatine breakdown occurs. (D) pyruvate is converted to lactate.. Of the answer choices above, the best answer choice is (","['A', 'B', 'C', 'D']",A,clinical_knowledge
"Which one of the following manoeuvres is not a central painful stimulus? (A) Pressure on the little finger pulp. (B) Supra-orbital ridge pressure. (C) Trapezius squeeze. (D) Sternal rub.. Of the answer choices above, the best answer choice is (","['A', 'B', 'C', 'D']",A,clinical_knowledge
"Dopamine is prescribed at a rate of 4 micrograms/kg/min. For a 65 kg person, how many milligrams will they receive in an hour? (A) 156 (B) 1.56 (C) 15600 (D) 15.6. Of the answer choices above, the best answer choice is (","['A', 'B', 'C', 'D']",D,clinical_knowledge
"Which of the following is true about the rectal examination? (A) If the patient refuses a chaperone the doctor can overrule them (B) The rectal examination is of no value in a neurological examination (C) The optimum position of the patient is on their right side with their knees extended (D) The rectal examination is indicated for the assessment of some gastrointestinal disorders. Of the answer choices above, the best answer choice is (","['A', 'B', 'C', 'D']",D,clinical_knowledge
"Why can't a patient talk if the cuff is inflated? (A) They are unable to pass air through their vocal cords. (B) They are unable to breathe in sufficiently. (C) They are unable to swallow properly. (D) It is too tiring.. Of the answer choices above, the best answer choice is (","['A', 'B', 'C', 'D']",A,clinical_knowledge
"Wound drainage should be assessed for volume and consistency: (A) each time post-operative observations are undertaken. (B) daily. (C) every hour. (D) only when the wound dressing is changed.. Of the answer choices above, the best answer choice is (","['A', 'B', 'C', 'D']",A,clinical_knowledge
"Creatine is synthesized from: (A) amino acids in the liver. (B) amino acids in the muscles. (C) amino acids in the kidneys. (D) creatinine in the kidneys.. Of the answer choices above, the best answer choice is (","['A', 'B', 'C', 'D']",A,clinical_knowledge
"If a catheter resists all attempts to unblock it and you are unable to remove it, what should you do? (A) Try harder to remove it. (B) Try harder to unblock it. (C) Call for assistance from a medical practitioner. (D) Leave it until next time.. Of the answer choices above, the best answer choice is (","['A', 'B', 'C', 'D']",C,clinical_knowledge
"Bladder washout solution should be: (A) warm. (B) cold. (C) room temperature. (D) refrigerated.. Of the answer choices above, the best answer choice is (","['A', 'B', 'C', 'D']",C,clinical_knowledge
"When developing a plan of care relating to the management of a person's pain, attention should be given to the following needs: (A) physical and pharmacological needs only. (B) physical and psychological needs only. (C) none of the above, as the main priority is to limit drug side effects. (D) physical, psychological, and pharmacological needs followed by regular reassessment.. Of the answer choices above, the best answer choice is (","['A', 'B', 'C', 'D']",D,clinical_knowledge
"Patients with the apolipoprotein E gene are at risk of which disease? (A) Cystic fibrosis. (B) Huntington's dementia. (C) Alzheimer's disease. (D) Depression.. Of the answer choices above, the best answer choice is (","['A', 'B', 'C', 'D']",C,clinical_knowledge
"Which of the following groups of drugs may cause a dry mouth? (A) Antidepressants. (B) Steroids. (C) Analgesics. (D) Antifungal agents.. Of the answer choices above, the best answer choice is (","['A', 'B', 'C', 'D']",A,clinical_knowledge
"Which of the following is not a true statement? (A) Muscle glycogen is broken down enzymatically to glucose-1-phosphate (B) Elite endurance runners have a high proportion of Type I fibres in their leg muscles (C) Insulin promotes glucose uptake by all tissues in the body (D) Liver glycogen is important in the maintenance of the blood glucose concentration. Of the answer choices above, the best answer choice is (","['A', 'B', 'C', 'D']",C,clinical_knowledge
"If a patient is cyanosed, what might their oxygen saturation level be? (A) 98% or above. (B) 94% or above. (C) 80% or below. (D) 85% or above.. Of the answer choices above, the best answer choice is (","['A', 'B', 'C', 'D']",C,clinical_knowledge
"When assessing a patient's breathing: (A) always remove dentures. (B) look for chest movements and use a mirror to check for exhaled air. (C) assess for 30 seconds. (D) look for chest movements, listen for breath sounds, and feel for exhaled air on your cheek.. Of the answer choices above, the best answer choice is (","['A', 'B', 'C', 'D']",D,clinical_knowledge
"A person is prescribed Ropinirole 1.5 mg divided into three doses. How many micrograms is each dose? Choose one answer from the following: (A) 5 (B) 50 (C) 500 (D) 0.5. Of the answer choices above, the best answer choice is (","['A', 'B', 'C', 'D']",C,clinical_knowledge
"Which of the following is thought to be implicated in the development of peripheral muscle fatigue during multiple sprint activities? (A) An accumulation of inorganic phosphate. (B) Development of hyperosmolality in the muscles. (C) An excess of antioxidants. (D) A lack of potassium.. Of the answer choices above, the best answer choice is (","['A', 'B', 'C', 'D']",A,clinical_knowledge
"The ATP store in muscle can only supply energy in high intensity exercise for about: (A) 2 milliseconds. (B) 10 seconds. (C) 2 seconds. (D) 20 seconds.. Of the answer choices above, the best answer choice is (","['A', 'B', 'C', 'D']",C,clinical_knowledge
"960 mg of the antibacterial drug Cotrimoxazole is prescribed every 12 hours. What is the daily dose in grams? Choose one answer from the following: (A) 0.192 (B) 1920 (C) 0.96 (D) 1.92. Of the answer choices above, the best answer choice is (","['A', 'B', 'C', 'D']",D,clinical_knowledge
"Which of the following is true of hypothyroidism? (A) Weight loss (B) Pre-tibial myxoedema (C) An aversion to warm places (D) A raised TSH level. Of the answer choices above, the best answer choice is (","['A', 'B', 'C', 'D']",D,clinical_knowledge
"What is hypochlorhydria? (A) Increased amount of gastric acid. (B) Gastric ulceration. (C) Reduced amount of gastric acid. (D) Pernicious anaemia.. Of the answer choices above, the best answer choice is (","['A', 'B', 'C', 'D']",C,clinical_knowledge
"A 67-year-old man, three hours post-transurethral resection of prostate with irrigation, has a blocked catheter. Which solution should be used to complete bladder washout? (A) Solution R. (B) Solution G. (C) Any of the above. (D) Normal saline.. Of the answer choices above, the best answer choice is (","['A', 'B', 'C', 'D']",D,clinical_knowledge
"A keloid is: (A) evidence of infection. (B) a fine, hairline scar. (C) a firm mass of scar tissue. (D) formed if a wound drain is removed too soon.. Of the answer choices above, the best answer choice is (","['A', 'B', 'C', 'D']",C,clinical_knowledge
"Which of the following is not an amino acid? (A) Glutamic acid (B) Aspartic acid (C) Palmitic acid (D) Glutamine. Of the answer choices above, the best answer choice is (","['A', 'B', 'C', 'D']",C,clinical_knowledge
"Wound drainage is described as serous if: (A) it is clear or slightly yellow. (B) it contains red blood cells. (C) it is thick and yellow or green. (D) it contains microorganisms.. Of the answer choices above, the best answer choice is (","['A', 'B', 'C', 'D']",A,clinical_knowledge
"The sex of a child is dictated by the inheritance of: (A) the number of X chromosomes from the mother. (B) a recessive allele on the X chromosome. (C) a single Y chromosome from the father. (D) a single Y chromosome from the mother.. Of the answer choices above, the best answer choice is (","['A', 'B', 'C', 'D']",C,clinical_knowledge
"Which of the following is true in spastic paraplegia? (A) Proprioceptive loss is a common feature (B) Coordination in the legs is affected (C) The tone is normal or flaccid (D) Multiple Sclerosis can cause this neurological pattern. Of the answer choices above, the best answer choice is (","['A', 'B', 'C', 'D']",D,clinical_knowledge
"The synthesis of glucose from lactate, glycerol, or amino acids is called: (A) gluconeogenesis. (B) glycogenolysis. (C) glycolysis. (D) lipolysis.. Of the answer choices above, the best answer choice is (","['A', 'B', 'C', 'D']",A,clinical_knowledge
"If a blood unit has been out of refrigeration for longer than the accepted time limit, you should: (A) transfuse it as soon as possible and annotate the patient's notes with the time of administration. (B) dispose of the contents in the sluice area, keeping the bag for record purposes. (C) refrigerate for a minimum of 12 hours and then administer it. (D) return it to the blood bank and inform them of why you have done so.. Of the answer choices above, the best answer choice is (","['A', 'B', 'C', 'D']",D,clinical_knowledge
"The auscultatory gap is: (A) when you can no longer hear the Korotkoff sounds because the bladder is equal with the diastolic pressure. (B) when the Korotkoff sounds can be heard between systolic and diastolic phases. (C) when the Korotkoff sounds disappear then return during phase 2 as the bladder is deflated. (D) When the Korotkoff sounds do not disappear when the cuff is fully deflated.. Of the answer choices above, the best answer choice is (","['A', 'B', 'C', 'D']",C,clinical_knowledge
"How many different types of microorganisms may colonize the mouth? (A) 350 (B) 35 (C) 100 (D) 500. Of the answer choices above, the best answer choice is (","['A', 'B', 'C', 'D']",A,clinical_knowledge
"Why should shampoo not be used for washing the skin when showering or bathing? (A) It is more slippery than soap or emollients. (B) It will not produce sufficient lather. (C) It can cause dryness of the skin. (D) It is not cost-effective.. Of the answer choices above, the best answer choice is (","['A', 'B', 'C', 'D']",C,clinical_knowledge
"Which of the following is the same strength as Adrenaline 1 in 1000? Choose one answer from the following: (A) 1 mg/mL (B) 1 mg/L (C) 1 g/mL (D) 100 micrograms/mL. Of the answer choices above, the best answer choice is (","['A', 'B', 'C', 'D']",A,clinical_knowledge
"An allele that is masked is referred to as: (A) redundant. (B) repressed. (C) reclusive. (D) recessive.. Of the answer choices above, the best answer choice is (","['A', 'B', 'C', 'D']",D,clinical_knowledge
"Hypernatraemic dehydration is: (A) water intake is more than is needed to maintain balance. (B) blood volume is lost due to trauma or burns. (C) water intake is less than is needed to maintain balance. (D) blood volume is lost due to surgery.. Of the answer choices above, the best answer choice is (","['A', 'B', 'C', 'D']",C,clinical_knowledge
"Which of the following is not associated with an increase in the work of breathing? (A) A respiratory rate of 16 breaths per minute. (B) Rise in respiratory rate. (C) Noisy breathing. (D) Increase in the use of accessory muscles.. Of the answer choices above, the best answer choice is (","['A', 'B', 'C', 'D']",A,clinical_knowledge
"Which of the following can act as an intracellular buffer to limit pH changes when the rate of glycolysis is high? (A) Glutamine (B) Glucose (C) Carnosine (D) Amylase. Of the answer choices above, the best answer choice is (","['A', 'B', 'C', 'D']",C,clinical_knowledge
"Which of the following is true about Addisons Disease? (A) Leads to generalized pigmentation (B) It is due to a deficiency of prolactin hormone (C) It is a recognized cause of hypertension (D) Diabetes is a complication. Of the answer choices above, the best answer choice is (","['A', 'B', 'C', 'D']",A,clinical_knowledge
"Which of the following are indicative signs and symptoms of circulatory overload? (A) Dyspnoea, tachycardia, and distended neck veins. (B) Hypothermia, hypotension, and bradycardia. (C) Hypotension, oliguria, and uticaria. (D) Shivering, pyrexia, and thirst.. Of the answer choices above, the best answer choice is (","['A', 'B', 'C', 'D']",A,clinical_knowledge
"What is the most likely cause of acute urinary retention of urine? (A) Haematuria. (B) Drinking alcohol. (C) Kidney stones. (D) Bladder outflow obstruction.. Of the answer choices above, the best answer choice is (","['A', 'B', 'C', 'D']",D,clinical_knowledge
"Which of the following tools is the first choice for cleaning the mouth? (A) Small, soft toothbrush. (B) Gloved finger wrapped in gauze. (C) Forceps wrapped in gauze. (D) Foam stick.. Of the answer choices above, the best answer choice is (","['A', 'B', 'C', 'D']",A,clinical_knowledge
"Which of the following drugs may be used to enhance gastric motility? (A) Adrenaline. (B) Ditropan. (C) Carbemazepine. (D) Erythromycin.. Of the answer choices above, the best answer choice is (","['A', 'B', 'C', 'D']",D,clinical_knowledge
"The creatine kinase reaction is: (A) irreversible. (B) slow compared with glycolysis. (C) not activated until all the ATP has been used up. (D) inhibited by low pH in the muscle.. Of the answer choices above, the best answer choice is (","['A', 'B', 'C', 'D']",D,clinical_knowledge
"Where should a stoma be sited? (A) Next to the umbilicus. (B) Within an abdominal crease. (C) The rectus sheath abdominus. (D) In close proximity to the incision site.. Of the answer choices above, the best answer choice is (","['A', 'B', 'C', 'D']",C,clinical_knowledge
"Women's world record performances have improved rapidly in recent years mainly because: (A) women have evolved a greater muscle mass. (B) women can now run faster than men. (C) women have started training at an earlier age. (D) more women are now engaged in sport.. Of the answer choices above, the best answer choice is (","['A', 'B', 'C', 'D']",D,clinical_knowledge
"Our genetic material is made up of: (A) ribonucleic acid. (B) dinitronucleic acid. (C) protein. (D) deoxyribonucleic acid.. Of the answer choices above, the best answer choice is (","['A', 'B', 'C', 'D']",D,clinical_knowledge
"Insensible loss does not come from: (A) excessive weight loss. (B) pyrexia. (C) using unhumidified oxygen. (D) diarrhoea.. Of the answer choices above, the best answer choice is (","['A', 'B', 'C', 'D']",A,clinical_knowledge
"Exhaustion, confusion, and unresponsiveness can be indicators of: (A) being generally unwell. (B) renal failure. (C) cardiac failure. (D) respiratory failure.. Of the answer choices above, the best answer choice is (","['A', 'B', 'C', 'D']",D,clinical_knowledge
"Pairs of electrons carried in the form, FADH2 and NADH+H, collectively contain enough free energy to rephosphorylate: (A) 6 ATP. (B) 4 ATP. (C) 5 ATP. (D) 3 ATP.. Of the answer choices above, the best answer choice is (","['A', 'B', 'C', 'D']",C,clinical_knowledge
"A muscle fibre relaxes when: (A) the nerve stimulus is too forceful. (B) the actin binding sites are uncovered. (C) the actin binding sites are saturated. (D) the nerve stimulus is removed.. Of the answer choices above, the best answer choice is (","['A', 'B', 'C', 'D']",D,clinical_knowledge
"Which of the following best describes the Golgi tendon organ? (A) Proprioceptive motor receptor found within main muscle body. (B) Proprioceptive sensory receptor found within main muscle body. (C) Proprioceptive sensory receptor found at the junction between muscle and tendon. (D) Proprioceptive motor receptor found at the junction between muscle and tendon.. Of the answer choices above, the best answer choice is (","['A', 'B', 'C', 'D']",C,clinical_knowledge
"The pulse can be palpated: (A) when an artery is close to the surface of the skin. (B) every time the atria contracts. (C) when a vein is close to the surface of the skin. (D) every time the left ventricle contracts.. Of the answer choices above, the best answer choice is (","['A', 'B', 'C', 'D']",A,clinical_knowledge
"The pyruvate dehydrogenase complex: (A) catalyses the conversion of pyruvate to acetyl CoA. (B) is located in the sarcoplasm. (C) catalyses the conversion of pyruvate to lactate. (D) catalyses the conversion of lactate to pyruvate.. Of the answer choices above, the best answer choice is (","['A', 'B', 'C', 'D']",A,clinical_knowledge
"Which of the following is true about the knee joint? (A) The patellar tap is used to demonstrate an effusion (B) The knee is a ball and socket joint (C) A baker's cyst can sometimes be found anterior to the knee (D) 'knock knee' deformity is due to bilateral genu varum. Of the answer choices above, the best answer choice is (","['A', 'B', 'C', 'D']",A,clinical_knowledge
"Who is the publication Your guide to the NHS written for? (A) GPs. (B) Patient lobby groups. (C) Patients admitted to hospital. (D) The general public.. Of the answer choices above, the best answer choice is (","['A', 'B', 'C', 'D']",D,clinical_knowledge
"Which of the following is true about the assessment of arm reflexes? (A) If no reflex is elicited when you tap a tendon it is documented as absent (B) The triceps tendon is struck in the antecubital fossa (C) Brisk finger jerks confirm a lower motor neurone lesion (D) The root value of the biceps reflex is C5, C6. Of the answer choices above, the best answer choice is (","['A', 'B', 'C', 'D']",D,clinical_knowledge
"Which of these is most likely to cause deviation of the trachea? (A) Previous tuberculosis of the right upper lobe (B) A left basal pneumonia (C) A small right pleural effusion (D) Idiopathic fibrosing alveolitis. Of the answer choices above, the best answer choice is (","['A', 'B', 'C', 'D']",A,clinical_knowledge
"What is the risk if water is used for bladder washout in secondary care? (A) Using water may cause electrolyte imbalance. (B) Fluid may bypass when the washout is carried out. (C) Bladder washout may be unsuccessful. (D) The medical staff may be unhappy.. Of the answer choices above, the best answer choice is (","['A', 'B', 'C', 'D']",A,clinical_knowledge
"What is the 'normal' range of flexion at the knee joint? (A) 0-115 degrees. (B) 0-155 degrees. (C) 0-135 degrees. (D) 0-175 degrees.. Of the answer choices above, the best answer choice is (","['A', 'B', 'C', 'D']",C,clinical_knowledge
"Which of the following is not a controlled drug? (A) A 500 ml bottle of Morphine 10 mg in 5 ml in oral suspension. (B) A 30 milligram ampoule of Codeine Phosphate for injection. (C) A sustained release Morphine tablet. (D) A 12.5 microgram Fentanyl patch.. Of the answer choices above, the best answer choice is (","['A', 'B', 'C', 'D']",A,clinical_knowledge
"After what period of time does maximal dynamic exercise become predominantly aerobic? (A) 10 seconds (B) 30 seconds (C) 1 minute (D) 4 minutes. Of the answer choices above, the best answer choice is (","['A', 'B', 'C', 'D']",C,clinical_knowledge
"The trigger to initiate the contractile process in skeletal muscle is: (A) calcium binding to troponin. (B) potassium binding to myosin. (C) calcium binding to tropomyosin. (D) ATP binding to the myosin cross bridges.. Of the answer choices above, the best answer choice is (","['A', 'B', 'C', 'D']",A,clinical_knowledge
"Which of the following is NOT a sign of phlebitis? (A) Swelling. (B) Redness. (C) Exudate. (D) Cool to the touch.. Of the answer choices above, the best answer choice is (","['A', 'B', 'C', 'D']",D,clinical_knowledge
"The energy charge of the cell is: (A) the difference between the charge on the outside and inside of a cell. (B) generated by the sodium-potassium ATPase. (C) the overall rate of energy use by the cell. (D) the extent to which the total adenine nucleotide pool is phosphorylated.. Of the answer choices above, the best answer choice is (","['A', 'B', 'C', 'D']",D,clinical_knowledge
"The sarcoplasmic reticulum in muscle cells acts as a: (A) store of digestive enzymes. (B) store of sodium ions. (C) store of calcium ions. (D) store of lipid.. Of the answer choices above, the best answer choice is (","['A', 'B', 'C', 'D']",C,clinical_knowledge
"Which of the following parameters are seen on typical neurological observation charts? (A) Urine output. (B) Central venous pressure. (C) Blood glucose. (D) Temperature.. Of the answer choices above, the best answer choice is (","['A', 'B', 'C', 'D']",D,clinical_knowledge
"In the discharge checklist recommended by the Department of Health (2004), who should be involved in completing the form? (A) The GP, consultant, and named nurse. (B) The nurse, ward clerk, and consultant. (C) The nurse, patient, and ward clerk. (D) The nurse, consultant, and GP.. Of the answer choices above, the best answer choice is (","['A', 'B', 'C', 'D']",C,clinical_knowledge
"Which of the following is true regarding the complications of a large goitre? (A) Dysphagia is an indication for surgery (B) It causes stridor due to compression of the oesophagus (C) It causes hoarseness due to compression of the trachea (D) It causes a more florid thyrotoxicosis than a smaller goitre. Of the answer choices above, the best answer choice is (","['A', 'B', 'C', 'D']",A,clinical_knowledge
"The heart has: (A) four valves and four chambers. (B) two valves and two chambers. (C) two valves and four chambers. (D) four valves and two chambers.. Of the answer choices above, the best answer choice is (","['A', 'B', 'C', 'D']",A,clinical_knowledge
"Which one of the following groups of patients should be assessed using an Early Warning Score (EWS)? (A) Only patients over 60 years of age. (B) Only patients admitted to the Emergency Department. (C) Any patient who is acutely unwell pre-operatively or post-operatively and those who have undergone major surgery. (D) Only patients who have been on an Intensive care/High dependency unit.. Of the answer choices above, the best answer choice is (","['A', 'B', 'C', 'D']",C,clinical_knowledge
"What is the purpose of the cuff on a tracheostomy tube? (A) To reduce local oedema. (B) To assist with swallowing. (C) To allow the patient to talk. (D) To create an air seal within the trachea and reduce the risk of aspirating saliva or gastric contents.. Of the answer choices above, the best answer choice is (","['A', 'B', 'C', 'D']",D,clinical_knowledge
"What type of covalent bonds link the amino acids in a protein? (A) Peptide bonds (B) Hydrogen bonds (C) Ionic bonds (D) Glycosidic bonds. Of the answer choices above, the best answer choice is (","['A', 'B', 'C', 'D']",A,clinical_knowledge
"Which is the most reliable way to assess for clubbing? (A) Inspect the nail-bed angle from above (B) Assessing the fluctuancy of the nail-bed (C) Inspect the nail-bed angle from the side (D) Schamroth's sign. Of the answer choices above, the best answer choice is (","['A', 'B', 'C', 'D']",C,clinical_knowledge
"The term gene doping refers to: (A) the use of genetic manipulation techniques to enhance performance in sport. (B) the use of drugs to modify gene transcription. (C) the activation or inhibition of genes to mask drug taking by athletes. (D) the use of drugs to modify the myostatin gene.. Of the answer choices above, the best answer choice is (","['A', 'B', 'C', 'D']",A,clinical_knowledge
"Name three of the five main uses of the hand. (A) Touch, feel, stroke. (B) Tap, slap, clap. (C) Touch, pinch, grasp. (D) Grip, percussion, sensory.. Of the answer choices above, the best answer choice is (","['A', 'B', 'C', 'D']",D,clinical_knowledge
"Which of the following is true about an abdominal mass? (A) A pulsatile mass is always due to an aortic aneurysm (B) An enlarged kidney is dull to percussion (C) An indentible mass is caused by faecal loading of the colon (D) A large mass arising out of the pelvis which disappears following urethral catheterization is caused by an ovarian cyst. Of the answer choices above, the best answer choice is (","['A', 'B', 'C', 'D']",C,clinical_knowledge
"Which of the following is not a category used to classify patients according to the Glasgow Coma Scale? (A) Eye opening. (B) Verbal response. (C) Best motor response. (D) Pupil response.. Of the answer choices above, the best answer choice is (","['A', 'B', 'C', 'D']",D,clinical_knowledge
"Which of these combinations of clinical features is most suggestive of mixed mitral valve disease with a predominance of mitral regurgitation? (A) Displaced apex beat; soft first heart sound; pan-systolic murmur; short mid-diastolic murmur (B) Irregularly, irregular pulse; displaced apex beat; ejection systolic murmur; short mid-diastolic murmur (C) Displaced apex beat; normal first heart sound; pan-systolic murmur; long mid-diastolic murmur (D) Tapping apex beat; loud first heart sound; pan-systolic murmur; long mid-diastolic murmur. Of the answer choices above, the best answer choice is (","['A', 'B', 'C', 'D']",A,clinical_knowledge
"Prior to undergoing a painful procedure, a patient should be informed about what to expect and how their pain will be controlled, as this is associated with: (A) an increased use of analgesia. (B) a decrease in the frequency of pain-related problems such as nausea and vomiting. (C) an increased urine output. (D) a reduction in anxiety and perceived pain intensity.. Of the answer choices above, the best answer choice is (","['A', 'B', 'C', 'D']",D,clinical_knowledge
"The conversion of one molecule of glucose to two molecules of pyruvate results in the net formation of: (A) six molecules of water. (B) three molecules of ATP. (C) two molecules of ATP. (D) thirty-eight molecules of ATP.. Of the answer choices above, the best answer choice is (","['A', 'B', 'C', 'D']",C,clinical_knowledge
"The net production of ATP via substrate-level phosphorylation in glycolysis is: (A) 2 from glucose and 4 from glycogen. (B) 3 from glucose and 4 from glycogen. (C) 2 from glucose and 3 from glycogen. (D) 3 from glucose and 2 from glycogen.. Of the answer choices above, the best answer choice is (","['A', 'B', 'C', 'D']",C,clinical_knowledge
"Which of the following is true about rectal bleeding? (A) Bright red blood on the finger usually signifies a caecal lesion (B) Proctoscopy is of no value in the assessment of rectal bleeding (C) Rectal cancer is the commonest cause of rectal bleeding (D) A painful digital examination suggests an anal fissure. Of the answer choices above, the best answer choice is (","['A', 'B', 'C', 'D']",D,clinical_knowledge
"Mutations are errors in DNA that: (A) are always harmful. (B) only occur in the presence of carcinogens. (C) increase tumour growth. (D) occur spontaneously at a low rate.. Of the answer choices above, the best answer choice is (","['A', 'B', 'C', 'D']",D,clinical_knowledge
"When recording peak flow results, within how many litres/minute should the three readings be? (A) 20 litres per minute of each other. (B) 10 litres per minute of each other. (C) 100 litres per minute of each other. (D) 30 litres per minute of each other.. Of the answer choices above, the best answer choice is (","['A', 'B', 'C', 'D']",A,clinical_knowledge
"Peak flow meters record: (A) the lowest rate of air expelled from the lungs through an open mouth. (B) forced expiratory volume. (C) the highest rate of air expelled from the lungs through an open mouth. (D) forced vital capacity.. Of the answer choices above, the best answer choice is (","['A', 'B', 'C', 'D']",C,clinical_knowledge
"Which of the following should patients remember when taking paracetamol? (A) Patients should carefully check the contents of over-the-counter cold remedies in order to prevent accidental overdose, as such preparations often contain additional paracetamol. (B) It can interfere with the effectiveness of other drugs such as Warfarin. (C) It should only be given on an 'as required' basis. (D) It is contraindicated in patients with pyrexia.. Of the answer choices above, the best answer choice is (","['A', 'B', 'C', 'D']",A,clinical_knowledge
"Which of the following molecules does not form part of DNA? (A) Amino acid (B) Purine (C) Pyrimidine (D) Deoxyribose. Of the answer choices above, the best answer choice is (","['A', 'B', 'C', 'D']",A,clinical_knowledge
"Which of the following is true about jaundice? (A) Pale stools and dark urine are characteristic of the jaundice of haemalytic anaemia (B) Bilirubin is used by the liver in the synthesis of red blood cells (C) Putting a danger of infection sticker on blood samples from an intravenous drug user with jaundice is optional (D) Itching may be a sign of obstructive jaundice. Of the answer choices above, the best answer choice is (","['A', 'B', 'C', 'D']",D,clinical_knowledge
"Which of the following nucleotide bases is not found in RNA? (A) Thymine (B) Adenine (C) Uracil (D) Guanine. Of the answer choices above, the best answer choice is (","['A', 'B', 'C', 'D']",A,clinical_knowledge
"Bronchial breathing is characterized by (A) Inspiratory component louder and longer with a gap between expiration and inspiration (B) Inspiratory component louder and longer with a gap between inspiration and expiration (C) Expiratory component louder and longer with a gap between inspiration and expiration (D) Expiratory component louder and longer with a gap between expiration and inspiration. Of the answer choices above, the best answer choice is (","['A', 'B', 'C', 'D']",C,clinical_knowledge
"Which of the following drugs is most commonly responsible for patients who present with acute confusion? (A) Heroin (opiates). (B) Ecstasy. (C) Alcohol. (D) Cannabis.. Of the answer choices above, the best answer choice is (","['A', 'B', 'C', 'D']",C,clinical_knowledge
"The frontal lobe of the brain's cortex is responsible for which of the following? (A) The ability to draw shapes. (B) The sleep/wake cycle. (C) Understanding others' speech. (D) Visual perception.. Of the answer choices above, the best answer choice is (","['A', 'B', 'C', 'D']",A,clinical_knowledge
"The carpal bones are the small bones of the wrist - name them. (A) Scaphoid, lunate, triquetral, pisiform, trapezium, trapezoid, capitate, hamate. (B) Scaphoid, lunar, triquetrium, pisiform, radius, ulna, capitates. (C) Scaphoid, proximal phalynx, humerus, hamate, capitate. (D) Scaphoid, radius, ulna, cunniform, trapezius.. Of the answer choices above, the best answer choice is (","['A', 'B', 'C', 'D']",A,clinical_knowledge
"The process of translation requires the presence of: (A) mRNA, tRNA and ribosomes. (B) mRNA, ribosomes and RNA polymerase. (C) DNA, mRNA and RNA polymerase. (D) chromatin, DNA and amino acids.. Of the answer choices above, the best answer choice is (","['A', 'B', 'C', 'D']",A,clinical_knowledge
"What is 'coring'? (A) A symptom of phlebitis. (B) Titration of a drug with its desired effect. (C) When drugs are withdrawn from a sealed vial, fragments of the rubber bung can be cut out by the needle. (D) The delivery of medication straight into the bloodstream.. Of the answer choices above, the best answer choice is (","['A', 'B', 'C', 'D']",C,clinical_knowledge
"What must you ensure before a speaking valve is used? (A) That the patient is able to swallow properly. (B) It is seven days after the tracheostomy tube was first inserted. (C) The cuff is inflated. (D) The cuff is deflated.. Of the answer choices above, the best answer choice is (","['A', 'B', 'C', 'D']",D,clinical_knowledge
"Which one of the following statements is true with regard to intravenous drug administration? (A) IV administration allows titration of a drug with its desired effect. (B) IV administration of a drug will delay its action. (C) IV administration carries low risk of bacteraemia. (D) An intravenous cannula should never be used for both drug and fluid administration.. Of the answer choices above, the best answer choice is (","['A', 'B', 'C', 'D']",A,clinical_knowledge
"Which of the following factors can affect enzyme activity? (A) Temperature. (B) pH. (C) The presence of certain metal ions. (D) All of the above.. Of the answer choices above, the best answer choice is (","['A', 'B', 'C', 'D']",D,clinical_knowledge
"For very high force contractions lasting 1-2 seconds, the initial energy source is from: (A) Glycolysis. (B) creatine phosphorylation. (C) phosphocreatine stores. (D) ATP stores.. Of the answer choices above, the best answer choice is (","['A', 'B', 'C', 'D']",D,clinical_knowledge
"A change in blood pressure is detected by the: (A) baroreceptors. (B) chemoreceptors. (C) vasomotor centre. (D) cardiovascular centre.. Of the answer choices above, the best answer choice is (","['A', 'B', 'C', 'D']",A,clinical_knowledge
"Blood clots are responsible for repeatedly blocking a catheter. What should you do? (A) Inform medical staff. (B) Call for help. (C) Inform the patient. (D) Remove the catheter and recatheterize.. Of the answer choices above, the best answer choice is (","['A', 'B', 'C', 'D']",A,clinical_knowledge
"What is the pH of water? (A) 3.5 (B) 12 (C) 6.25 (D) 7. Of the answer choices above, the best answer choice is (","['A', 'B', 'C', 'D']",D,clinical_knowledge
"How long can a cannula remain in situ? (A) 96 hours. (B) 24 hours. (C) 36 hours. (D) 48 hours.. Of the answer choices above, the best answer choice is (","['A', 'B', 'C', 'D']",A,clinical_knowledge
"Metabolism is determined by the: (A) proteins formed as dictated by the genetic material. (B) size of proteins in the cell. (C) availability of amino acids. (D) amino acid composition of the ribonucleic acids.. Of the answer choices above, the best answer choice is (","['A', 'B', 'C', 'D']",A,clinical_knowledge
"How many chromosomes do all human somatic cells contain? (A) 46 (B) 3 (C) 20 (D) 23. Of the answer choices above, the best answer choice is (","['A', 'B', 'C', 'D']",A,clinical_knowledge
"Under what circumstances would you use antibiotics prior to catheterization? (A) If the patient has had a catheter in situ for a week. (B) If the patient does not have urinary tract infection. (C) If patient has an artificial heart valve. (D) If the patient requests them.. Of the answer choices above, the best answer choice is (","['A', 'B', 'C', 'D']",C,clinical_knowledge
"Which of these features suggest that a pulsation in the neck is arterial? (A) A waggling earlobe (B) Positive for hepatojugular reflux (C) No variation with posture (D) Pressure in the root of the neck reduces the impulse. Of the answer choices above, the best answer choice is (","['A', 'B', 'C', 'D']",C,clinical_knowledge
"The rate limiting enzyme of glycolysis is: (A) phosphofructokinase. (B) phosphorylase. (C) hexokinase. (D) pyruvate dehydrogenase.. Of the answer choices above, the best answer choice is (","['A', 'B', 'C', 'D']",A,clinical_knowledge
"Which of the following is true about haemorrhoids? (A) Bleeding haemorrhoids lead to melaena per rectum (PR) (B) Bleeding from first degree haemorrhoids is associated with pain (C) Pregnancy is a predisposing factor in causing haemorrhoids (D) Second degree haemorrhoids cannot be returned to the anal canal. Of the answer choices above, the best answer choice is (","['A', 'B', 'C', 'D']",C,clinical_knowledge
"Selective Androgen Receptor Modulators (SARMs) are: (A) steroid drugs that act on androgen receptors mimicking the effects of natural steroid hormones. (B) steroid drugs that act on androgen receptors antagonising the effects of natural steroid hormones. (C) non-steroid drugs that act on androgen receptors inhibiting the effects of natural steroid hormones. (D) non-steroid drugs that act on androgen receptors mimicking the effects of natural steroid hormones.. Of the answer choices above, the best answer choice is (","['A', 'B', 'C', 'D']",D,clinical_knowledge
"The -oxidation of a molecule of palmitic acid, CH3(CH2)14CO2H: (A) yields 16 molecules of acetyl-CoA only. (B) yields carbon dioxide and water only. (C) yields 8 molecules of acetyl-CoA and some ATP and water. (D) does not involve oxygen.. Of the answer choices above, the best answer choice is (","['A', 'B', 'C', 'D']",C,clinical_knowledge
"Which products of ADP degradation increase in concentration in the blood during multiple sprint sports? (A) Ammonia, urea and uric acid. (B) Ammonia, urea and creatinine. (C) Ammonia, urea and creatine. (D) Ammonia, hypoxanthine and uric acid.. Of the answer choices above, the best answer choice is (","['A', 'B', 'C', 'D']",D,clinical_knowledge
"The optimum position for performing CPR is to position the patient: (A) in a semi-recumbent posture. (B) tilted to the left to keep the heart perfused. (C) flat on a firm surface. (D) on the floor with the legs raised.. Of the answer choices above, the best answer choice is (","['A', 'B', 'C', 'D']",C,clinical_knowledge
"The complete resynthesis of phosphocreatine after very high intensity exercise normally takes: (A) about 4 minutes. (B) about 10 seconds. (C) about 30 seconds. (D) about 1 minute.. Of the answer choices above, the best answer choice is (","['A', 'B', 'C', 'D']",A,clinical_knowledge
"What type of joint is the elbow? (A) Ball and socket joint. (B) Fused joint. (C) Plain joint. (D) Synovial hinge joint.. Of the answer choices above, the best answer choice is (","['A', 'B', 'C', 'D']",D,clinical_knowledge
"A hypertonic solution is: (A) a solution that blocks off enteral tubes easily. (B) a solution that has a lower concentration of solutes than the normal human cell. (C) a solution that has a higher concentration of solutes than the normal human cell. (D) a solution with a high fibre content.. Of the answer choices above, the best answer choice is (","['A', 'B', 'C', 'D']",C,clinical_knowledge
"Which of these is not necessary when examining the jugular venous pulse? (A) Patient's neck muscles should be relaxed (B) Good lighting (C) Patient lying at 45 degree angle (D) Timing the pulsation with the radial pulse. Of the answer choices above, the best answer choice is (","['A', 'B', 'C', 'D']",D,clinical_knowledge
"The maximum sustainable power: (A) usually remains constant during a race. (B) is improved by a high fat diet. (C) declines with the distance of the race. (D) is inversely related to muscle glycogen content.. Of the answer choices above, the best answer choice is (","['A', 'B', 'C', 'D']",C,clinical_knowledge
"Fast-twitch fibres contain: (A) a relatively large number of mitochondria and low ATPase activity. (B) a relatively small number of mitochondria and low ATPase activity. (C) a relatively small number of mitochondria and high ATPase activity. (D) a relatively large number of mitochondria and high ATPase activity.. Of the answer choices above, the best answer choice is (","['A', 'B', 'C', 'D']",C,clinical_knowledge
"The rate of blood lactate accumulation is determined by: (A) the rate of muscle lactate production and the rate of muscle lactate efflux. (B) the rate of anaerobic glycolysis. (C) the difference between the rate of lactate appearance and the rate of lactate clearance. (D) the rate of muscle glucose uptake.. Of the answer choices above, the best answer choice is (","['A', 'B', 'C', 'D']",C,clinical_knowledge
"The enzymes of glycolysis are located in the: (A) cytoplasm. (B) mitochondrion. (C) nucleus. (D) lysosomes.. Of the answer choices above, the best answer choice is (","['A', 'B', 'C', 'D']",A,clinical_knowledge
"The energy released from the breakdown of the high-energy phosphates, ATP and phosphocreatine, can sustain maximal exertion exercise for about: (A) 1-2 seconds. (B) 30-40 seconds. (C) 50-60 seconds. (D) 5-10 seconds.. Of the answer choices above, the best answer choice is (","['A', 'B', 'C', 'D']",D,clinical_knowledge
"Prosthetic groups are: (A) required by all enzymes in the cell. (B) loosely bound to enzymes via hydrogen bonds. (C) sites on the enzyme molecule that permit allosteric modification of enzyme activity. (D) tightly bound to enzymes and are required for their activity.. Of the answer choices above, the best answer choice is (","['A', 'B', 'C', 'D']",D,clinical_knowledge
"Which of the following is true in peripheral neuropathy? (A) Sensory loss is demonstrated in a stocking distribution (B) The tone is increased bilaterally in the legs (C) Reflexes are very brisk with reinforcement (D) Weakness is more marked proximally than distally. Of the answer choices above, the best answer choice is (","['A', 'B', 'C', 'D']",A,clinical_knowledge
"Which of the following is true about involuntary movements in the arm? (A) Alcohol makes the tremor of benign essential tremor worse (B) Hemiballismus is due to a stroke causing paralysis of the distal half of the arm (C) A 'milkmaid' grip is sometimes found in dystonia (D) Writer's cramp is an example of a focal dystonia. Of the answer choices above, the best answer choice is (","['A', 'B', 'C', 'D']",D,clinical_knowledge
"Which of these options is not recognized as a cause of chronic cough? (A) Sodium valproate (B) Gastro-oesophageal reflux disease (C) Angiotensin Converting Enzyme (ACE) inhibitors (D) Long-term smoking. Of the answer choices above, the best answer choice is (","['A', 'B', 'C', 'D']",A,clinical_knowledge
"Which of the following is recommended for cleaning the mouth? (A) Hydrogen peroxide. (B) Lemon and glycerine swabs. (C) Water. (D) Normal saline.. Of the answer choices above, the best answer choice is (","['A', 'B', 'C', 'D']",C,clinical_knowledge
"As a general principle what is the best approach to the use of analgesic drugs following surgery? (A) Give drugs only 'as required'. (B) Use long-acting drugs twice daily. (C) Give only when pain scores are high. (D) Give drugs regularly with provision for additional 'as required' pain relief for breakthrough pain.. Of the answer choices above, the best answer choice is (","['A', 'B', 'C', 'D']",D,clinical_knowledge
"Which of the following best describes nociceptive pain? (A) Pain resulting from pressure upon a nerve or group of nerves. (B) A disorder of a specific nerve or group of nerves resulting in the release of abnormal pain signals. (C) Pain resulting from actual or potential tissue damage, which causes the release of chemical mediators that stimulate nerve fibres to initiate pain signals to the brain. (D) Pain resulting from a disorder of the central nervous system, i.e. following a cerebral vascular accident.. Of the answer choices above, the best answer choice is (","['A', 'B', 'C', 'D']",C,clinical_knowledge
"Complete the following: A variation of serial peak flow readings over a two week period are considered diagnostic in . . . (A) . . . asthma. (B) . . . COPD. (C) . . . pneumonia. (D) . . . tuberculosis.. Of the answer choices above, the best answer choice is (","['A', 'B', 'C', 'D']",A,clinical_knowledge
"Under which circumstances would you not use a catheter valve? (A) If the patient chooses it. (B) If the patient has bladder sensation. (C) If the patient is post-operative. (D) If urine does not need to be measured.. Of the answer choices above, the best answer choice is (","['A', 'B', 'C', 'D']",C,clinical_knowledge
"Which of the following is true of Paget's Disease? (A) Bowing of a long bone is a characteristic feature (B) Spinal cord compression is a common complication (C) Heart failure is not a recognized complication (D) Pathological fractures are not a feature. Of the answer choices above, the best answer choice is (","['A', 'B', 'C', 'D']",A,clinical_knowledge
"Your first action following confirmation of cardiac arrest is to: (A) give two rescue breaths. (B) give 30 chest compressions. (C) ensure the emergency team/services are called. (D) check the notes to see if the patient has a DNAR order.. Of the answer choices above, the best answer choice is (","['A', 'B', 'C', 'D']",C,clinical_knowledge
"What is an urgent reason for catheterizing a patient? (A) Acute urinary retention. (B) Urinary tract infection. (C) Incontinence. (D) Because they asked.. Of the answer choices above, the best answer choice is (","['A', 'B', 'C', 'D']",A,clinical_knowledge
"Which of the following is true? (A) Increasing the protein intake above 3 grams per kg body mass per day will stimulate muscle growth and increase strength. (B) Amino acid supplements can increase muscle strength and power. (C) Creatine supplements can increase muscle strength and power. (D) Muscle damage is induced by shortening contractions.. Of the answer choices above, the best answer choice is (","['A', 'B', 'C', 'D']",C,clinical_knowledge
"Who has legal responsibility for a patient's care during hospital admission, stay, and discharge? (A) The named nurse. (B) The ward manager. (C) The named consultant. (D) The GP.. Of the answer choices above, the best answer choice is (","['A', 'B', 'C', 'D']",C,clinical_knowledge
"Endurance training increases the muscle's capacity to: (A) burn fat and carbohydrate. (B) contract faster. (C) break down phosphocreatine. (D) generate energy anaerobically.. Of the answer choices above, the best answer choice is (","['A', 'B', 'C', 'D']",A,clinical_knowledge
"An action potential arriving at the motor endplate causes release of: (A) sodium ions which binds to sodium receptors on the muscle membrane. (B) calcium ions which initiate an action potential along the muscle fibre. (C) acetylcholine which traverses the neuromuscular junction. (D) noradrenaline which increases muscle metabolic activity.. Of the answer choices above, the best answer choice is (","['A', 'B', 'C', 'D']",C,clinical_knowledge
"Your patient has diabetes. Why is this important? (A) These patients are more likely to get urinary tract infections if their blood sugar is unstable. (B) These patients are more likely to bleed. (C) These patients are more likely to have clear urine. (D) These patients are less likely to have catheter encrustation.. Of the answer choices above, the best answer choice is (","['A', 'B', 'C', 'D']",A,clinical_knowledge
"What is meant by the term 'passive movements'? (A) Movement with resistance, stretching at end of range. (B) Movement without resistance, stretching at end of range. (C) Movement with resistance, stopping at end of range. (D) Movement without resistance, stopping at end of range.. Of the answer choices above, the best answer choice is (","['A', 'B', 'C', 'D']",D,clinical_knowledge
"What is a tracheostomy? (A) An opening in the anterior wall of the trachea above the cricoid cartilage. (B) An opening in the anterior chest wall. (C) An opening in the posterior wall of the trachea below the cricoid cartilage. (D) An opening in the anterior wall of the trachea below the cricoid cartilage.. Of the answer choices above, the best answer choice is (","['A', 'B', 'C', 'D']",D,clinical_knowledge
"Which of the following is true of haematemesis? (A) A low blood pressure (<90mmHg systolic) and a tachycardia (>100/min) are worrying features (B) A pulse rate of 80/min in a patient taking Bisoprolol is reassuring (C) Abdominal pain is always present (D) An alcohol history is not essential. Of the answer choices above, the best answer choice is (","['A', 'B', 'C', 'D']",A,clinical_knowledge
"Which of the following is true of rheumatoid arthritis? (A) Rheumatoid factor is present in 25% of rheumatoid cases (B) It is an example of an oligoarthropathy (C) Anaemia is a common finding (D) Heberden's nodes are a feature. Of the answer choices above, the best answer choice is (","['A', 'B', 'C', 'D']",C,clinical_knowledge
"Why should careful consideration be given to providing people aged over 65 with information sources that are internet based? (A) They may have difficulty reading the screen. (B) The internet is aimed at younger people. (C) They may not be able to type. (D) Less than 30% of people over 65 years have access to the internet.. Of the answer choices above, the best answer choice is (","['A', 'B', 'C', 'D']",D,clinical_knowledge
"Which of the following is true about the carpal tunnel syndrome? (A) It can be caused by rheumatoid arthritis (B) It is caused by compression of the ulna nerve (C) It causes pain and tingling in the medial three and half digits (D) Paraesthesia is worse during the day. Of the answer choices above, the best answer choice is (","['A', 'B', 'C', 'D']",A,clinical_knowledge
"How many CO2 and ATP molecules are formed during one complete turn of the tricarboxylic acid cycle (Krebs' cycle)? (A) 2CO2 and 1ATP (B) 2CO2 and 2ATP (C) 2CO2 and 16ATP (D) 2CO2 and 12ATP. Of the answer choices above, the best answer choice is (","['A', 'B', 'C', 'D']",A,clinical_knowledge
"Which potential complication of IV therapy is described thus: 'Leakage of vesicant (irritant) medication or fluid into surrounding tissues, causing tissue damage'? (A) Phlebitis. (B) Inflammation. (C) Extravasation. (D) Infiltration.. Of the answer choices above, the best answer choice is (","['A', 'B', 'C', 'D']",C,clinical_knowledge
"Which of the following is present in saliva and has an antibacterial action? (A) Lysozyme. (B) Amylase. (C) Sodium chloride. (D) Mucus.. Of the answer choices above, the best answer choice is (","['A', 'B', 'C', 'D']",A,clinical_knowledge
"The genome is: (A) the entire DNA sequence of an organism. (B) the number of chromosomes found in the somatic cells of an organism. (C) the entire list of proteins that an organism is capable of producing. (D) the DNA sequence of an entire chromosome.. Of the answer choices above, the best answer choice is (","['A', 'B', 'C', 'D']",A,clinical_knowledge
"Alterations in which neurotransmitters in the brain by pharmacological agents has been shown to influence fatigue development? (A) Acetyl choline and noradrenaline. (B) Dopamine and acetyl choline. (C) Glutamate and serotonin. (D) Dopamine and serotonin.. Of the answer choices above, the best answer choice is (","['A', 'B', 'C', 'D']",D,clinical_knowledge
"In all-out exercise such as sprinting the first fibre types to fatigue are the: (A) Type I fibres. (B) Type Ia fibres. (C) Type IIa fibres. (D) Type IIX fibres.. Of the answer choices above, the best answer choice is (","['A', 'B', 'C', 'D']",D,clinical_knowledge
"The main fate of lactate that leaves muscle and enters the circulation is: (A) uptake and oxidation by other tissues. (B) conversion to urea in the liver. (C) conversion to glucose in the heart. (D) excretion via the kidneys.. Of the answer choices above, the best answer choice is (","['A', 'B', 'C', 'D']",A,clinical_knowledge
"The most rapid method to resynthesize ATP during exercise is through: (A) glycolysis. (B) tricarboxylic acid cycle (Krebs' cycle). (C) phosphocreatine breakdown. (D) glycogenolysis.. Of the answer choices above, the best answer choice is (","['A', 'B', 'C', 'D']",C,clinical_knowledge
"Which of the following is true in a sensory assessment of the arm? (A) It is acceptable to test pain with a venepuncture needle (B) It is best to test vibration sense with a 256 Hz tuning fork (C) Impulses for pain travel principally up the dorsal columns (D) Proprioception is appreciated via the same tracts as light touch. Of the answer choices above, the best answer choice is (","['A', 'B', 'C', 'D']",D,clinical_knowledge
"The blood glucose concentration during 80-90 minutes of intermittent high intensity exercise: (A) remains relatively unchanged. (B) frequently falls by 1 - 3 mM. (C) falls to hypoglycaemic levels. (D) frequently rises by 1 - 3 mM.. Of the answer choices above, the best answer choice is (","['A', 'B', 'C', 'D']",D,clinical_knowledge
"One of the most common reasons for stoma formation is: (A) carcinoma. (B) irritable bowel syndrome. (C) haemorrhoids. (D) bladder instability.. Of the answer choices above, the best answer choice is (","['A', 'B', 'C', 'D']",A,clinical_knowledge
"A surgical support can be used for: (A) prolapsed stomas. (B) high output stomas. (C) retraction of the stoma. (D) herniation around the stoma.. Of the answer choices above, the best answer choice is (","['A', 'B', 'C', 'D']",D,clinical_knowledge
"What size of catheter bag may be used at night? (A) 350ml. (B) 500ml. (C) 2L. (D) 1L.. Of the answer choices above, the best answer choice is (","['A', 'B', 'C', 'D']",C,clinical_knowledge
"Anaerobic metabolism refers to the generation of ATP: (A) without the involvement of ADP. (B) without the use of glycogen. (C) without the use of oxygen. (D) in the absence of available oxygen.. Of the answer choices above, the best answer choice is (","['A', 'B', 'C', 'D']",C,clinical_knowledge
"Approximately how many kJ of energy are expended if an athlete's steady-rate oxygen uptake averages 3.0 l/min for 5 minutes of exercise? (A) 300 kJ (B) 60 kJ (C) 150 kJ (D) 500 kJ. Of the answer choices above, the best answer choice is (","['A', 'B', 'C', 'D']",A,clinical_knowledge
"A patient has been on the operating table for four hours. How long may it take for any pressure damage to be visible? (A) 12 hours. (B) 24 hours. (C) 5 days. (D) 72 hours.. Of the answer choices above, the best answer choice is (","['A', 'B', 'C', 'D']",D,clinical_knowledge
"Eccrine and apocrine glands are both types of: (A) sweat glands. (B) salivary glands. (C) chemoreceptors. (D) tear ducts.. Of the answer choices above, the best answer choice is (","['A', 'B', 'C', 'D']",A,clinical_knowledge
"Which of the following is true of the assessment of power in the arms? (A) The root value of shoulder abduction is C5 (B) Grade 3/5 (MRC scale) represents movement of the arm only when gravity is eliminated (C) Flexion at the elbow is produced by the triceps muscle (D) Grade 1/5 power represents no movement or muscle contraction. Of the answer choices above, the best answer choice is (","['A', 'B', 'C', 'D']",A,clinical_knowledge
"Two of the following are evident - pain at IV site, erythema, and swelling. What stage on the phlebitis scale is this and what should you do? (A) Stage 1 - observe cannula. (B) Stage 3 - re-site cannula and consider treatment. (C) Stage 2 - re-site cannula. (D) Stage 0 - do nothing.. Of the answer choices above, the best answer choice is (","['A', 'B', 'C', 'D']",C,clinical_knowledge
"Which hormone is primarily responsible for fluid regulation? (A) Insulin. (B) Adrenaline. (C) Antidiuretic hormone. (D) Testosterone.. Of the answer choices above, the best answer choice is (","['A', 'B', 'C', 'D']",C,clinical_knowledge
"The low intake of carbohydrate in the diet: (A) does not influence exercise performance in events lasting less than 10 minutes. (B) affects the resting muscle pH. (C) results in greater reliance on muscle glycogen during exercise. (D) may impair high intensity exercise performance.. Of the answer choices above, the best answer choice is (","['A', 'B', 'C', 'D']",D,clinical_knowledge
"Phophocreatine resynthesis during recovery from exercise is inhibited by: (A) a lack of oxygen. (B) an excess of creatine. (C) hyperventilation. (D) an excess of oxygen.. Of the answer choices above, the best answer choice is (","['A', 'B', 'C', 'D']",A,clinical_knowledge
"The transcription of DNA to a molecule of messenger RNA occurs: (A) on the ribosomes. (B) in the cytosol. (C) only during cell division. (D) in the nucleus.. Of the answer choices above, the best answer choice is (","['A', 'B', 'C', 'D']",D,clinical_knowledge
"Oedema is the presence of: (A) excessive intravascular fluid. (B) excessive intracranial fluid. (C) excessive necrotic cells. (D) excessive extravascular fluid.. Of the answer choices above, the best answer choice is (","['A', 'B', 'C', 'D']",D,clinical_knowledge
"Why should the short-acting bronchodilator be taken first? (A) It works to dilate the airways quickly, allowing better deposition of other medications. (B) They are colour-coded. (C) It is warmer than the others. (D) It is less moist than the others.. Of the answer choices above, the best answer choice is (","['A', 'B', 'C', 'D']",A,clinical_knowledge
"Which of the following is true about an intention tremor? (A) It is worse at rest (B) It is caused by Parkinson's Disease (C) Dyscalculia is a common association (D) It is indicative of a cerebellar lesion. Of the answer choices above, the best answer choice is (","['A', 'B', 'C', 'D']",D,clinical_knowledge
"Glucose is transported into the muscle cell: (A) only in the presence of insulin. (B) via hexokinase. (C) via protein transporters called GLUT4. (D) via monocarbylic acid transporters.. Of the answer choices above, the best answer choice is (","['A', 'B', 'C', 'D']",C,clinical_knowledge
"Oxygen is used: (A) in the conversion of fatty acids to acetyl CoA. (B) in glycolysis. (C) in the tricarboxylic acid cycle (Krebs' cycle). (D) in glycogenolysis.. Of the answer choices above, the best answer choice is (","['A', 'B', 'C', 'D']",A,clinical_knowledge
"Measuring the blood pressure in an arm that is above the level of the heart will: (A) accurately estimate the blood pressure. (B) overestimate the blood pressure. (C) underestimate the blood pressure. (D) cause an auscultatory gap.. Of the answer choices above, the best answer choice is (","['A', 'B', 'C', 'D']",C,clinical_knowledge
"When you are taking a musculoskeletal history which of the following is true? (A) Drugs may be implicated in the causation of gout (B) A history of diarrhoea is not relevant (C) Difficulty rising from a chair is diagnostic of polymyalgic rheumatica (D) Joint stiffness of 5 minutes duration suggests an arthropathy. Of the answer choices above, the best answer choice is (","['A', 'B', 'C', 'D']",A,clinical_knowledge
"Why are male patients advised to take their own electric razor to hospital? (A) For patient comfort. (B) To make hospital as familiar as possible. (C) To allow shaving at a time convenient to the patient. (D) To minimize risk of cross-infection.. Of the answer choices above, the best answer choice is (","['A', 'B', 'C', 'D']",D,clinical_knowledge
"Which organ secretes insulin? (A) The gastric parietal cells. (B) The walls of the large intestine. (C) The autonomic nervous system. (D) The pancreas.. Of the answer choices above, the best answer choice is (","['A', 'B', 'C', 'D']",D,clinical_knowledge
"When teaching a patient inhaler technique, how will you ensure that a large proportion of the drug reaches the lower airways? (A) Ask them to take lots of small, quick breaths in before using the inhaler. (B) Ask them to breathe normally when using the inhaler. (C) Ask them to hold their breath at the end of the inspiration on using the inhaler. (D) Ask them to perform the procedure as quickly as they can.. Of the answer choices above, the best answer choice is (","['A', 'B', 'C', 'D']",C,clinical_knowledge
"Why should a patient stand or sit as upright as possible when recording a peak flow rate? (A) To ensure best lung expansion and accuracy and consistency of readings. (B) This is the most comfortable position to perform any breathing test. (C) The counter on the meter will not move if the patient is lying down. (D) To ensure that their technique can be observed easily.. Of the answer choices above, the best answer choice is (","['A', 'B', 'C', 'D']",A,clinical_knowledge
"Why might a patient need a tracheostomy? (A) To repair vocal cords after paralysis. (B) To aid swallowing. (C) Prior to neck surgery. (D) As an aid to weaning patients from a ventilator.. Of the answer choices above, the best answer choice is (","['A', 'B', 'C', 'D']",D,clinical_knowledge
"In general, the higher the intensity of exercise, the greater the proportional contribution of: (A) aerobic energy production. (B) the TCA cycle (Krebs' cycle) to the production of ATP. (C) anaerobic energy production. (D) the electron transfer chain to the production of ATP.. Of the answer choices above, the best answer choice is (","['A', 'B', 'C', 'D']",C,clinical_knowledge
"What is the second commonest hospital acquired infection? (A) Urinary infection. (B) Wound infection. (C) Ventilator-associated pneumonia. (D) Upper respiratory tract infection.. Of the answer choices above, the best answer choice is (","['A', 'B', 'C', 'D']",C,clinical_knowledge
"Phosphocreatine in the muscle cell is found in: (A) the cytoplasm. (B) the mitochondria. (C) all subcellular compartments. (D) the sarcolemma.. Of the answer choices above, the best answer choice is (","['A', 'B', 'C', 'D']",A,clinical_knowledge
"The patient's self-report of pain is important because health care staff: (A) can overestimate the intensity of the patient's pain. (B) underestimate the intensity of the patient's pain. (C) do not possess an objective way of assessing pain. (D) can use the information to prescribe and administer the least possible amount of pain relief.. Of the answer choices above, the best answer choice is (","['A', 'B', 'C', 'D']",C,clinical_knowledge
